moduloId,leccionId,orden
M0001,L00001,1
M0001,L00002,2
M0001,L00003,3
M0002,L00004,1
M0002,L00005,2
M0002,L00006,3
M0002,L00007,4
M0003,L00008,1
M0003,L00009,2
M0003,L00010,3
M0004,L00011,1
M0004,L00012,2
M0004,L00013,3
M0004,L00014,4
M0005,L00015,1
M0005,L00016,2
M0005,L00017,3
M0006,L00018,1
M0006,L00019,2
M0006,L00020,3
M0006,L00021,4
M0007,L00022,1
M0007,L00023,2
M0007,L00024,3
M0008,L00025,1
M0008,L00026,2
M0008,L00027,3
M0008,L00028,4
M0009,L00029,1
M0009,L00030,2
M0009,L00031,3
M0010,L00032,1
M0010,L00033,2
M0010,L00034,3
M0010,L00035,4
M0011,L00036,1
M0011,L00037,2
M0011,L00038,3
M0012,L00039,1
M0012,L00040,2
M0012,L00041,3
M0012,L00042,4
M0013,L00043,1
M0013,L00044,2
M0013,L00045,3
M0014,L00046,1
M0014,L00047,2
M0014,L00048,3
M0014,L00049,4
M0015,L00050,1
M0015,L00051,2
M0015,L00052,3
M0016,L00053,1
M0016,L00054,2
M0016,L00055,3
M0016,L00056,4
M0017,L00057,1
M0017,L00058,2
M0017,L00059,3
M0018,L00060,1
M0018,L00061,2
M0018,L00062,3
M0018,L00063,4
M0019,L00064,1
M0019,L00065,2
M0019,L00066,3
M0020,L00067,1
M0020,L00068,2
M0020,L00069,3
M0020,L00070,4
M0021,L00071,1
M0021,L00072,2
M0021,L00073,3
M0022,L00074,1
M0022,L00075,2
M0022,L00076,3
M0022,L00077,4
M0023,L00078,1
M0023,L00079,2
M0023,L00080,3
M0024,L00081,1
M0024,L00082,2
M0024,L00083,3
M0024,L00084,4
M0025,L00085,1
M0025,L00086,2
M0025,L00087,3
M0026,L00088,1
M0026,L00089,2
M0026,L00090,3
M0026,L00091,4
M0027,L00092,1
M0027,L00093,2
M0027,L00094,3
M0028,L00095,1
M0028,L00096,2
M0028,L00097,3
M0028,L00098,4
M0029,L00099,1
M0029,L00100,2
M0029,L00101,3
M0030,L00102,1
M0030,L00103,2
M0030,L00104,3
M0030,L00105,4
M0031,L00106,1
M0031,L00107,2
M0031,L00108,3
M0032,L00109,1
M0032,L00110,2
M0032,L00111,3
M0032,L00112,4
M0033,L00113,1
M0033,L00114,2
M0033,L00115,3
M0034,L00116,1
M0034,L00117,2
M0034,L00118,3
M0034,L00119,4
M0035,L00120,1
M0035,L00121,2
M0035,L00122,3
M0036,L00123,1
M0036,L00124,2
M0036,L00125,3
M0036,L00126,4
M0037,L00127,1
M0037,L00128,2
M0037,L00129,3
M0038,L00130,1
M0038,L00131,2
M0038,L00132,3
M0038,L00133,4
M0039,L00134,1
M0039,L00135,2
M0039,L00136,3
M0040,L00137,1
M0040,L00138,2
M0040,L00139,3
M0040,L00140,4
M0041,L00141,1
M0041,L00142,2
M0041,L00143,3
M0042,L00144,1
M0042,L00145,2
M0042,L00146,3
M0042,L00147,4
M0043,L00148,1
M0043,L00149,2
M0043,L00150,3
M0044,L00151,1
M0044,L00152,2
M0044,L00153,3
M0044,L00154,4
M0045,L00155,1
M0045,L00156,2
M0045,L00157,3
M0046,L00158,1
M0046,L00159,2
M0046,L00160,3
M0046,L00161,4
M0047,L00162,1
M0047,L00163,2
M0047,L00164,3
M0048,L00165,1
M0048,L00166,2
M0048,L00167,3
M0048,L00168,4
M0049,L00169,1
M0049,L00170,2
M0049,L00171,3
M0050,L00172,1
M0050,L00173,2
M0050,L00174,3
M0050,L00175,4
M0051,L00176,1
M0051,L00177,2
M0051,L00178,3
M0052,L00179,1
M0052,L00180,2
M0052,L00181,3
M0052,L00182,4
M0053,L00183,1
M0053,L00184,2
M0053,L00185,3
M0054,L00186,1
M0054,L00187,2
M0054,L00188,3
M0054,L00189,4
M0055,L00190,1
M0055,L00191,2
M0055,L00192,3
M0056,L00193,1
M0056,L00194,2
M0056,L00195,3
M0056,L00196,4
M0057,L00197,1
M0057,L00198,2
M0057,L00199,3
M0058,L00200,1
M0058,L00201,2
M0058,L00202,3
M0058,L00203,4
M0059,L00204,1
M0059,L00205,2
M0059,L00206,3
M0060,L00207,1
M0060,L00208,2
M0060,L00209,3
M0060,L00210,4
M0061,L00211,1
M0061,L00212,2
M0061,L00213,3
M0062,L00214,1
M0062,L00215,2
M0062,L00216,3
M0062,L00217,4
M0063,L00218,1
M0063,L00219,2
M0063,L00220,3
M0064,L00221,1
M0064,L00222,2
M0064,L00223,3
M0064,L00224,4
M0065,L00225,1
M0065,L00226,2
M0065,L00227,3
M0066,L00228,1
M0066,L00229,2
M0066,L00230,3
M0066,L00231,4
M0067,L00232,1
M0067,L00233,2
M0067,L00234,3
M0068,L00235,1
M0068,L00236,2
M0068,L00237,3
M0068,L00238,4
M0069,L00239,1
M0069,L00240,2
M0069,L00241,3
M0070,L00242,1
M0070,L00243,2
M0070,L00244,3
M0070,L00245,4
